file,d2,d1,a,b,baud,delta_fsk,file_delay_s,bit_reliability,dis_metric,etx,avg_rssi,ecc,fec,samples,error
50_5_54_52_42k_ecc.txt,50,5,54,52,42000,44.51566951566943,11.705,25.987761539690148,0.0006250000000000001,2.288,-79.767,True,False,1,False
50_5_54_52_42k_fec.txt,50,5,54,52,42000,44.51566951566943,12.407,79.14765575833857,0.0006250000000000001,3.204,-86.959,False,True,1,False
50_5_54_52_42k.txt,50,5,54,52,42000,44.51566951566943,12.927,10.241311216429704,0.0006250000000000001,5.483,-86.156,False,False,1,False
