file,d2,d1,a,b,baud,delta_fsk,file_delay_s,bit_reliability,dis_metric,etx,misses,avg_rssi,ecc,fec,samples,error
50_5_54_52_42k_fec.txt,50,5,54,52,42000,44.51566951566943,14.484,83.61138200055726,0.0006250000000000001,1.794,0.0,-92.418,False,True,1,False
50_5_54_52_42k.txt,50,5,54,52,42000,44.51566951566943,22.623,29.055874174487318,0.0006250000000000001,1.9175,0.0,-87.7005,False,False,1,False
