file,d2,d1,a,b,baud,delta_fsk,file_delay_s,bit_reliability,dis_metric,etx,misses,avg_rssi,ecc,fec,samples,error
50_5_54_52_42k_fec.txt,50,5,54,52,42000,44.51566951566943,7.047,87.5,0.0006250000000000001,1.0,0.0,-79.215,False,True,1,False
900_5_54_52_42k_fec.txt,900,5,54,52,42000,44.51566951566943,36.96,3.792396061269143,0.20250000000000004,18.28,0.000437636761487965,-105.031,False,True,1,False
50_5_54_52_42k.txt,50,5,54,52,42000,44.51566951566943,22.623,29.03737505432421,0.0006250000000000001,1.9175,0.0,-87.7005,False,False,1,False
20_2_54_52_42k_fec.txt,20,2,54,52,42000,44.51566951566943,6.95,86.82634730538922,1.6000000000000003e-05,1.002,0.0,-69.986,False,True,1,False
400_5_54_52_42k_fec.txt,400,5,54,52,42000,44.51566951566943,8.703,21.878286014721347,0.04000000000000001,3.804,0.0010515247108307045,-93.548,False,True,1,False
