file,d2,d1,a,b,baud,delta_fsk,file_delay_s,bit_reliability,dis_metric,etx,misses,avg_rssi,ecc,fec,retransmission,samples,error
50_5_54_52_42k_fec_rtx.txt,50,5,54,52,42000,44.51566951566943,17.95,100.0,0.0006250000000000001,1.0,0.0,-73.371875,False,True,True,1,False
50_5_54_52_42k_fec_rtx,50,5,54,52,42000,44.51566951566943,17.951,99.84375,0.0006250000000000001,1.0,0.00156128024980484,-72.338671875,False,True,True,1,False
