file,d2,d1,a,b,baud,delta_fsk,file_delay_s,bit_reliability,dis_metric,misses,rtx_corrections,total_tx_packets,avg_rssi,etx,ecc,fec,retransmission,compression,samples,error
700_10_54_52_42k_fec.txt,700,10,54,52,42000,44.51566951566943,19.17,36.39786518496856,0.4900000000000001,4309.0,0.0,6840.0,-99.1578125,2.671875,False,True,False,False,1,False
4000_5_54_52_42k_fec_rtx_compression.txt,4000,5,54,52,42000,44.51566951566943,18.075,100.0,4.000000000000001,0.0,15.0,1297.0,-98.42191780821918,1.0093385214007782,False,True,True,True,1,False
4000_5_54_52_42k_fec_rtx.txt,4000,5,54,52,42000,44.51566951566943,18.075,100.0,4.000000000000001,0.0,16.0,1297.0,-98.42191780821918,1.0093385214007782,False,True,True,False,1,False
4000_5_54_52_42k_fec.txt,4000,5,54,52,42000,44.51566951566943,25.516,12.835243862874446,4.000000000000001,16008.0,0.0,18495.0,-106.293359375,7.224609375,False,True,False,False,1,False
4000_10_54_52_42k_fec_rtx.txt,4000,10,54,52,42000,44.51566951566943,35.664,39.99524149417083,16.000000000000004,2400.0,848.0,4204.0,-109.00546875,3.1467065868263475,False,True,True,False,1,False
4000_10_54_52_42k_fec.txt,4000,10,54,52,42000,44.51566951566943,38.093,7.188600704450854,16.000000000000004,28771.0,0.0,31231.0,-108.32109375,12.199609375,False,True,False,False,1,False
