file,d2,d1,a,b,baud,delta_fsk,file_delay_s,bit_reliability,dis_metric,etx,misses,avg_rssi,ecc,fec,retransmission,samples,error
4000_10_54_52_42k_fec_rtx.txt,4000,10,54,52,42000,44.51566951566943,35.664,6.853202376051282,16.000000000000004,6.842655935613682,1153.0,-109.00546875,False,True,True,1,False
4000_10_54_52_42k_fec.txt,4000,10,54,52,42000,44.51566951566943,38.093,7.188600704450854,16.000000000000004,12.199609375,14.0,-108.32109375,False,True,False,1,False
4000_5_54_52_42k_fec.txt,4000,5,54,52,42000,44.51566951566943,25.516,12.835243862874446,4.000000000000001,7.224609375,5.0,-106.293359375,False,True,False,1,False
700_10_54_52_42k_fec.txt,700,10,54,52,42000,44.51566951566943,19.17,36.39786518496856,0.4900000000000001,2.671875,3.0,-99.1578125,False,True,False,1,False
4000_5_54_52_42k_fec_rtx.txt,4000,5,54,52,42000,44.51566951566943,18.075,81.65270618556701,4.000000000000001,0.9993564993564994,284.0,-98.425,False,True,True,1,False
