file,d2,d1,a,b,baud,delta_fsk,file_delay_s,bit_reliability,dis_metric,etx,avg_rssi,ecc,samples,error
4000_10_54_52_42k_ecc.txt,4000,10,54,52,42000,44.51566951566943,13.578,17.983159912376777,16.000000000000004,4.768,-102.826,True,1,False
500_10_54_52_42k_ecc.txt,500,10,54,52,42000,44.51566951566943,20.703,19.453667145250066,0.25000000000000006,4.213,-103.557,True,1,False
1200_10_54_52_42k_ecc.txt,1200,10,54,52,42000,44.51566951566943,11.484,53.65438582424631,1.4400000000000004,1.803,-98.765,True,1,False
800_10_54_52_42k_ecc.txt,800,10,54,52,42000,44.51566951566943,11.032,83.75778913260218,0.6400000000000001,1.085,-95.388,True,1,False
1500_10_54_52_42k_ecc.txt,1500,10,54,52,42000,44.51566951566943,36.922,7.693307864419685,2.2500000000000004,10.752,-104.467,True,1,False
2700_10_54_52_42k_ecc.txt,2700,10,54,52,42000,44.51566951566943,47.891,6.427513169446886,7.290000000000002,12.695,-106.528,True,1,False
2000_10_54_52_42k_ecc.txt,2000,10,54,52,42000,44.51566951566943,15.033,15.631545445810913,4.000000000000001,5.425,-103.414,True,1,False
1000_10_54_52_42k_ecc.txt,1000,10,54,52,42000,44.51566951566943,11.407,40.48533688802715,1.0000000000000002,2.112,-98.741,True,1,False
